model,model_label,split,threshold,accuracy,balanced_accuracy,sensitivity,specificity,precision,f1,tn,fp,fn,tp,false_negative_rate_over_tumors,predicted_positive_rate
plain,plain ERM (4A/5A),id_val,0.0,0.5,0.5,1.0,0.0,0.5,0.6666666666666666,0,250,0,250,0.0,1.0
plain,plain ERM (4A/5A),id_val,0.01,0.864,0.864,0.992,0.736,0.7898089171974523,0.8794326241134751,184,66,2,248,0.008,0.628
plain,plain ERM (4A/5A),id_val,0.02,0.89,0.89,0.988,0.792,0.8260869565217391,0.8998178506375227,198,52,3,247,0.012,0.598
plain,plain ERM (4A/5A),id_val,0.03,0.91,0.9099999999999999,0.988,0.832,0.8546712802768166,0.9165120593692022,208,42,3,247,0.012,0.578
plain,plain ERM (4A/5A),id_val,0.04,0.926,0.9259999999999999,0.988,0.864,0.8790035587188612,0.9303201506591336,216,34,3,247,0.012,0.562
plain,plain ERM (4A/5A),id_val,0.05,0.936,0.9359999999999999,0.988,0.884,0.894927536231884,0.9391634980988594,221,29,3,247,0.012,0.552
plain,plain ERM (4A/5A),id_val,0.06,0.944,0.944,0.988,0.9,0.9080882352941176,0.9463601532567049,225,25,3,247,0.012,0.544
plain,plain ERM (4A/5A),id_val,0.07,0.948,0.948,0.988,0.908,0.9148148148148149,0.95,227,23,3,247,0.012,0.54
plain,plain ERM (4A/5A),id_val,0.08,0.944,0.944,0.98,0.908,0.914179104477612,0.9459459459459459,227,23,5,245,0.02,0.536
plain,plain ERM (4A/5A),id_val,0.09,0.948,0.948,0.98,0.916,0.9210526315789473,0.9496124031007751,229,21,5,245,0.02,0.532
plain,plain ERM (4A/5A),id_val,0.1,0.946,0.946,0.976,0.916,0.9207547169811321,0.9475728155339807,229,21,6,244,0.024,0.53
plain,plain ERM (4A/5A),id_val,0.11,0.956,0.956,0.976,0.936,0.9384615384615385,0.9568627450980391,234,16,6,244,0.024,0.52
plain,plain ERM (4A/5A),id_val,0.12,0.962,0.962,0.976,0.948,0.9494163424124513,0.9625246548323471,237,13,6,244,0.024,0.514
plain,plain ERM (4A/5A),id_val,0.13,0.964,0.964,0.972,0.956,0.9566929133858267,0.9642857142857142,239,11,7,243,0.028,0.508
plain,plain ERM (4A/5A),id_val,0.14,0.964,0.964,0.972,0.956,0.9566929133858267,0.9642857142857142,239,11,7,243,0.028,0.508
plain,plain ERM (4A/5A),id_val,0.15,0.966,0.966,0.972,0.96,0.9604743083003953,0.9662027833001987,240,10,7,243,0.028,0.506
plain,plain ERM (4A/5A),id_val,0.16,0.966,0.966,0.972,0.96,0.9604743083003953,0.9662027833001987,240,10,7,243,0.028,0.506
plain,plain ERM (4A/5A),id_val,0.17,0.962,0.962,0.964,0.96,0.9601593625498008,0.9620758483033932,240,10,9,241,0.036,0.502
plain,plain ERM (4A/5A),id_val,0.18,0.964,0.964,0.964,0.964,0.964,0.964,241,9,9,241,0.036,0.5
plain,plain ERM (4A/5A),id_val,0.19,0.966,0.966,0.964,0.968,0.9678714859437751,0.9659318637274549,242,8,9,241,0.036,0.498
plain,plain ERM (4A/5A),id_val,0.2,0.968,0.968,0.964,0.972,0.9717741935483871,0.9678714859437753,243,7,9,241,0.036,0.496
plain,plain ERM (4A/5A),id_val,0.21,0.968,0.968,0.964,0.972,0.9717741935483871,0.9678714859437753,243,7,9,241,0.036,0.496
plain,plain ERM (4A/5A),id_val,0.22,0.966,0.966,0.96,0.972,0.97165991902834,0.96579476861167,243,7,10,240,0.04,0.494
plain,plain ERM (4A/5A),id_val,0.23,0.966,0.966,0.96,0.972,0.97165991902834,0.96579476861167,243,7,10,240,0.04,0.494
plain,plain ERM (4A/5A),id_val,0.24,0.966,0.966,0.96,0.972,0.97165991902834,0.96579476861167,243,7,10,240,0.04,0.494
plain,plain ERM (4A/5A),id_val,0.25,0.966,0.966,0.96,0.972,0.97165991902834,0.96579476861167,243,7,10,240,0.04,0.494
plain,plain ERM (4A/5A),id_val,0.26,0.966,0.966,0.96,0.972,0.97165991902834,0.96579476861167,243,7,10,240,0.04,0.494
plain,plain ERM (4A/5A),id_val,0.27,0.966,0.966,0.96,0.972,0.97165991902834,0.96579476861167,243,7,10,240,0.04,0.494
plain,plain ERM (4A/5A),id_val,0.28,0.966,0.966,0.96,0.972,0.97165991902834,0.96579476861167,243,7,10,240,0.04,0.494
plain,plain ERM (4A/5A),id_val,0.29,0.966,0.966,0.96,0.972,0.97165991902834,0.96579476861167,243,7,10,240,0.04,0.494
plain,plain ERM (4A/5A),id_val,0.3,0.966,0.966,0.96,0.972,0.97165991902834,0.96579476861167,243,7,10,240,0.04,0.494
plain,plain ERM (4A/5A),id_val,0.31,0.966,0.966,0.96,0.972,0.97165991902834,0.96579476861167,243,7,10,240,0.04,0.494
plain,plain ERM (4A/5A),id_val,0.32,0.968,0.968,0.96,0.976,0.975609756097561,0.9677419354838709,244,6,10,240,0.04,0.492
plain,plain ERM (4A/5A),id_val,0.33,0.968,0.968,0.96,0.976,0.975609756097561,0.9677419354838709,244,6,10,240,0.04,0.492
plain,plain ERM (4A/5A),id_val,0.34,0.968,0.968,0.96,0.976,0.975609756097561,0.9677419354838709,244,6,10,240,0.04,0.492
plain,plain ERM (4A/5A),id_val,0.35,0.966,0.966,0.956,0.976,0.9755102040816327,0.9656565656565657,244,6,11,239,0.044,0.49
plain,plain ERM (4A/5A),id_val,0.36,0.966,0.966,0.956,0.976,0.9755102040816327,0.9656565656565657,244,6,11,239,0.044,0.49
plain,plain ERM (4A/5A),id_val,0.37,0.966,0.966,0.956,0.976,0.9755102040816327,0.9656565656565657,244,6,11,239,0.044,0.49
plain,plain ERM (4A/5A),id_val,0.38,0.968,0.968,0.956,0.98,0.9795081967213115,0.9676113360323886,245,5,11,239,0.044,0.488
plain,plain ERM (4A/5A),id_val,0.39,0.968,0.968,0.956,0.98,0.9795081967213115,0.9676113360323886,245,5,11,239,0.044,0.488
plain,plain ERM (4A/5A),id_val,0.4,0.968,0.968,0.956,0.98,0.9795081967213115,0.9676113360323886,245,5,11,239,0.044,0.488
plain,plain ERM (4A/5A),id_val,0.41,0.968,0.968,0.956,0.98,0.9795081967213115,0.9676113360323886,245,5,11,239,0.044,0.488
plain,plain ERM (4A/5A),id_val,0.42,0.966,0.966,0.952,0.98,0.9794238683127572,0.9655172413793104,245,5,12,238,0.048,0.486
plain,plain ERM (4A/5A),id_val,0.43,0.966,0.966,0.952,0.98,0.9794238683127572,0.9655172413793104,245,5,12,238,0.048,0.486
plain,plain ERM (4A/5A),id_val,0.44,0.966,0.966,0.952,0.98,0.9794238683127572,0.9655172413793104,245,5,12,238,0.048,0.486
plain,plain ERM (4A/5A),id_val,0.45,0.964,0.964,0.948,0.98,0.9793388429752066,0.9634146341463414,245,5,13,237,0.052,0.484
plain,plain ERM (4A/5A),id_val,0.46,0.964,0.964,0.944,0.984,0.9833333333333333,0.9632653061224489,246,4,14,236,0.056,0.48
plain,plain ERM (4A/5A),id_val,0.47,0.964,0.964,0.944,0.984,0.9833333333333333,0.9632653061224489,246,4,14,236,0.056,0.48
plain,plain ERM (4A/5A),id_val,0.48,0.964,0.964,0.944,0.984,0.9833333333333333,0.9632653061224489,246,4,14,236,0.056,0.48
plain,plain ERM (4A/5A),id_val,0.49,0.964,0.964,0.944,0.984,0.9833333333333333,0.9632653061224489,246,4,14,236,0.056,0.48
plain,plain ERM (4A/5A),id_val,0.5,0.964,0.964,0.944,0.984,0.9833333333333333,0.9632653061224489,246,4,14,236,0.056,0.48
plain,plain ERM (4A/5A),id_val,0.51,0.964,0.964,0.944,0.984,0.9833333333333333,0.9632653061224489,246,4,14,236,0.056,0.48
plain,plain ERM (4A/5A),id_val,0.52,0.964,0.964,0.944,0.984,0.9833333333333333,0.9632653061224489,246,4,14,236,0.056,0.48
plain,plain ERM (4A/5A),id_val,0.53,0.964,0.964,0.944,0.984,0.9833333333333333,0.9632653061224489,246,4,14,236,0.056,0.48
plain,plain ERM (4A/5A),id_val,0.54,0.964,0.964,0.944,0.984,0.9833333333333333,0.9632653061224489,246,4,14,236,0.056,0.48
plain,plain ERM (4A/5A),id_val,0.55,0.964,0.964,0.944,0.984,0.9833333333333333,0.9632653061224489,246,4,14,236,0.056,0.48
plain,plain ERM (4A/5A),id_val,0.56,0.964,0.964,0.944,0.984,0.9833333333333333,0.9632653061224489,246,4,14,236,0.056,0.48
plain,plain ERM (4A/5A),id_val,0.57,0.964,0.964,0.944,0.984,0.9833333333333333,0.9632653061224489,246,4,14,236,0.056,0.48
plain,plain ERM (4A/5A),id_val,0.58,0.962,0.962,0.94,0.984,0.9832635983263598,0.9611451942740286,246,4,15,235,0.06,0.478
plain,plain ERM (4A/5A),id_val,0.59,0.962,0.962,0.94,0.984,0.9832635983263598,0.9611451942740286,246,4,15,235,0.06,0.478
plain,plain ERM (4A/5A),id_val,0.6,0.962,0.962,0.94,0.984,0.9832635983263598,0.9611451942740286,246,4,15,235,0.06,0.478
plain,plain ERM (4A/5A),id_val,0.61,0.962,0.962,0.94,0.984,0.9832635983263598,0.9611451942740286,246,4,15,235,0.06,0.478
plain,plain ERM (4A/5A),id_val,0.62,0.962,0.962,0.94,0.984,0.9832635983263598,0.9611451942740286,246,4,15,235,0.06,0.478
plain,plain ERM (4A/5A),id_val,0.63,0.962,0.962,0.94,0.984,0.9832635983263598,0.9611451942740286,246,4,15,235,0.06,0.478
plain,plain ERM (4A/5A),id_val,0.64,0.962,0.962,0.936,0.988,0.9873417721518988,0.9609856262833677,247,3,16,234,0.064,0.474
plain,plain ERM (4A/5A),id_val,0.65,0.962,0.962,0.936,0.988,0.9873417721518988,0.9609856262833677,247,3,16,234,0.064,0.474
plain,plain ERM (4A/5A),id_val,0.66,0.962,0.962,0.936,0.988,0.9873417721518988,0.9609856262833677,247,3,16,234,0.064,0.474
plain,plain ERM (4A/5A),id_val,0.67,0.962,0.962,0.936,0.988,0.9873417721518988,0.9609856262833677,247,3,16,234,0.064,0.474
plain,plain ERM (4A/5A),id_val,0.68,0.962,0.962,0.936,0.988,0.9873417721518988,0.9609856262833677,247,3,16,234,0.064,0.474
plain,plain ERM (4A/5A),id_val,0.69,0.96,0.96,0.932,0.988,0.9872881355932204,0.9588477366255144,247,3,17,233,0.068,0.472
plain,plain ERM (4A/5A),id_val,0.7,0.96,0.96,0.932,0.988,0.9872881355932204,0.9588477366255144,247,3,17,233,0.068,0.472
plain,plain ERM (4A/5A),id_val,0.71,0.96,0.96,0.932,0.988,0.9872881355932204,0.9588477366255144,247,3,17,233,0.068,0.472
plain,plain ERM (4A/5A),id_val,0.72,0.96,0.96,0.932,0.988,0.9872881355932204,0.9588477366255144,247,3,17,233,0.068,0.472
plain,plain ERM (4A/5A),id_val,0.73,0.96,0.96,0.932,0.988,0.9872881355932204,0.9588477366255144,247,3,17,233,0.068,0.472
plain,plain ERM (4A/5A),id_val,0.74,0.96,0.96,0.932,0.988,0.9872881355932204,0.9588477366255144,247,3,17,233,0.068,0.472
plain,plain ERM (4A/5A),id_val,0.75,0.96,0.96,0.932,0.988,0.9872881355932204,0.9588477366255144,247,3,17,233,0.068,0.472
plain,plain ERM (4A/5A),id_val,0.76,0.96,0.96,0.932,0.988,0.9872881355932204,0.9588477366255144,247,3,17,233,0.068,0.472
plain,plain ERM (4A/5A),id_val,0.77,0.958,0.958,0.928,0.988,0.9872340425531915,0.956701030927835,247,3,18,232,0.072,0.47
plain,plain ERM (4A/5A),id_val,0.78,0.958,0.958,0.928,0.988,0.9872340425531915,0.956701030927835,247,3,18,232,0.072,0.47
plain,plain ERM (4A/5A),id_val,0.79,0.958,0.958,0.928,0.988,0.9872340425531915,0.956701030927835,247,3,18,232,0.072,0.47
plain,plain ERM (4A/5A),id_val,0.8,0.958,0.958,0.928,0.988,0.9872340425531915,0.956701030927835,247,3,18,232,0.072,0.47
plain,plain ERM (4A/5A),id_val,0.81,0.958,0.958,0.928,0.988,0.9872340425531915,0.956701030927835,247,3,18,232,0.072,0.47
plain,plain ERM (4A/5A),id_val,0.82,0.958,0.958,0.928,0.988,0.9872340425531915,0.956701030927835,247,3,18,232,0.072,0.47
plain,plain ERM (4A/5A),id_val,0.83,0.958,0.958,0.928,0.988,0.9872340425531915,0.956701030927835,247,3,18,232,0.072,0.47
plain,plain ERM (4A/5A),id_val,0.84,0.958,0.958,0.928,0.988,0.9872340425531915,0.956701030927835,247,3,18,232,0.072,0.47
plain,plain ERM (4A/5A),id_val,0.85,0.958,0.958,0.928,0.988,0.9872340425531915,0.956701030927835,247,3,18,232,0.072,0.47
plain,plain ERM (4A/5A),id_val,0.86,0.958,0.958,0.928,0.988,0.9872340425531915,0.956701030927835,247,3,18,232,0.072,0.47
plain,plain ERM (4A/5A),id_val,0.87,0.958,0.958,0.928,0.988,0.9872340425531915,0.956701030927835,247,3,18,232,0.072,0.47
plain,plain ERM (4A/5A),id_val,0.88,0.958,0.958,0.928,0.988,0.9872340425531915,0.956701030927835,247,3,18,232,0.072,0.47
plain,plain ERM (4A/5A),id_val,0.89,0.958,0.958,0.928,0.988,0.9872340425531915,0.956701030927835,247,3,18,232,0.072,0.47
plain,plain ERM (4A/5A),id_val,0.9,0.956,0.956,0.924,0.988,0.9871794871794872,0.9545454545454546,247,3,19,231,0.076,0.468
plain,plain ERM (4A/5A),id_val,0.91,0.956,0.956,0.924,0.988,0.9871794871794872,0.9545454545454546,247,3,19,231,0.076,0.468
plain,plain ERM (4A/5A),id_val,0.92,0.956,0.956,0.924,0.988,0.9871794871794872,0.9545454545454546,247,3,19,231,0.076,0.468
plain,plain ERM (4A/5A),id_val,0.93,0.956,0.956,0.924,0.988,0.9871794871794872,0.9545454545454546,247,3,19,231,0.076,0.468
plain,plain ERM (4A/5A),id_val,0.94,0.956,0.956,0.924,0.988,0.9871794871794872,0.9545454545454546,247,3,19,231,0.076,0.468
plain,plain ERM (4A/5A),id_val,0.95,0.954,0.954,0.92,0.988,0.9871244635193133,0.9523809523809524,247,3,20,230,0.08,0.466
plain,plain ERM (4A/5A),id_val,0.96,0.956,0.956,0.92,0.992,0.9913793103448276,0.9543568464730291,248,2,20,230,0.08,0.464
plain,plain ERM (4A/5A),id_val,0.97,0.954,0.954,0.916,0.992,0.9913419913419913,0.9521829521829521,248,2,21,229,0.084,0.462
plain,plain ERM (4A/5A),id_val,0.98,0.946,0.946,0.896,0.996,0.9955555555555555,0.9431578947368421,249,1,26,224,0.104,0.45
plain,plain ERM (4A/5A),id_val,0.99,0.934,0.9339999999999999,0.872,0.996,0.9954337899543378,0.929637526652452,249,1,32,218,0.128,0.438
plain,plain ERM (4A/5A),id_val,1.0,0.5,0.5,0.0,1.0,,,250,0,250,0,1.0,0.0
plain,plain ERM (4A/5A),ood_val,0.0,0.5,0.5,1.0,0.0,0.5,0.6666666666666666,0,1000,0,1000,0.0,1.0
plain,plain ERM (4A/5A),ood_val,0.01,0.6955,0.6955,0.967,0.424,0.626701231367466,0.7605190719622494,424,576,33,967,0.033,0.7715
plain,plain ERM (4A/5A),ood_val,0.02,0.713,0.7130000000000001,0.937,0.489,0.6470994475138122,0.7655228758169934,489,511,63,937,0.063,0.724
plain,plain ERM (4A/5A),ood_val,0.03,0.722,0.722,0.909,0.535,0.6615720524017468,0.7657961246840775,535,465,91,909,0.091,0.687
plain,plain ERM (4A/5A),ood_val,0.04,0.722,0.722,0.882,0.562,0.6681818181818182,0.7603448275862069,562,438,118,882,0.118,0.66
plain,plain ERM (4A/5A),ood_val,0.05,0.724,0.724,0.867,0.581,0.6741835147744946,0.7585301837270342,581,419,133,867,0.133,0.643
plain,plain ERM (4A/5A),ood_val,0.06,0.725,0.725,0.853,0.597,0.679140127388535,0.7562056737588653,597,403,147,853,0.147,0.628
plain,plain ERM (4A/5A),ood_val,0.07,0.718,0.718,0.827,0.609,0.6789819376026273,0.7457168620378718,609,391,173,827,0.173,0.609
plain,plain ERM (4A/5A),ood_val,0.08,0.7185,0.7185,0.807,0.63,0.6856414613423959,0.7413872301332108,630,370,193,807,0.193,0.5885
plain,plain ERM (4A/5A),ood_val,0.09,0.722,0.722,0.799,0.645,0.6923743500866552,0.7418755803156918,645,355,201,799,0.201,0.577
plain,plain ERM (4A/5A),ood_val,0.1,0.7145,0.7145,0.778,0.651,0.6903283052351376,0.7315467795016455,651,349,222,778,0.222,0.5635
plain,plain ERM (4A/5A),ood_val,0.11,0.711,0.7110000000000001,0.763,0.659,0.6911231884057971,0.7252851711026614,659,341,237,763,0.237,0.552
plain,plain ERM (4A/5A),ood_val,0.12,0.7155,0.7155,0.76,0.671,0.6978879706152433,0.7276208712302539,671,329,240,760,0.24,0.5445
plain,plain ERM (4A/5A),ood_val,0.13,0.7145,0.7145,0.749,0.68,0.7006548175865295,0.7240212663122281,680,320,251,749,0.251,0.5345
plain,plain ERM (4A/5A),ood_val,0.14,0.713,0.713,0.738,0.688,0.7028571428571428,0.72,688,312,262,738,0.262,0.525
plain,plain ERM (4A/5A),ood_val,0.15,0.711,0.711,0.725,0.697,0.7052529182879378,0.7149901380670612,697,303,275,725,0.275,0.514
plain,plain ERM (4A/5A),ood_val,0.16,0.7105,0.7104999999999999,0.715,0.706,0.7086223984142715,0.7117969138875063,706,294,285,715,0.285,0.5045
plain,plain ERM (4A/5A),ood_val,0.17,0.706,0.706,0.704,0.708,0.7068273092369478,0.7054108216432865,708,292,296,704,0.296,0.498
plain,plain ERM (4A/5A),ood_val,0.18,0.7035,0.7035,0.694,0.713,0.7074413863404689,0.7006562342251388,713,287,306,694,0.306,0.4905
plain,plain ERM (4A/5A),ood_val,0.19,0.703,0.7030000000000001,0.686,0.72,0.7101449275362319,0.6978636826042728,720,280,314,686,0.314,0.483
plain,plain ERM (4A/5A),ood_val,0.2,0.7035,0.7035,0.677,0.73,0.7148891235480465,0.6954288649203905,730,270,323,677,0.323,0.4735
plain,plain ERM (4A/5A),ood_val,0.21,0.6975,0.6975,0.661,0.734,0.7130528586839266,0.6860404774260509,734,266,339,661,0.339,0.4635
plain,plain ERM (4A/5A),ood_val,0.22,0.695,0.6950000000000001,0.651,0.739,0.7138157894736842,0.6809623430962343,739,261,349,651,0.349,0.456
plain,plain ERM (4A/5A),ood_val,0.23,0.6925,0.6925,0.641,0.744,0.7146042363433668,0.6758039008961519,744,256,359,641,0.359,0.4485
plain,plain ERM (4A/5A),ood_val,0.24,0.691,0.6910000000000001,0.632,0.75,0.7165532879818595,0.6716259298618491,750,250,368,632,0.368,0.441
plain,plain ERM (4A/5A),ood_val,0.25,0.6865,0.6865,0.622,0.751,0.7141216991963261,0.6648850881881347,751,249,378,622,0.378,0.4355
plain,plain ERM (4A/5A),ood_val,0.26,0.6825,0.6825,0.61,0.755,0.7134502923976608,0.6576819407008085,755,245,390,610,0.39,0.4275
plain,plain ERM (4A/5A),ood_val,0.27,0.6785,0.6785,0.601,0.756,0.7112426035502959,0.6514905149051491,756,244,399,601,0.399,0.4225
plain,plain ERM (4A/5A),ood_val,0.28,0.6725,0.6725,0.584,0.761,0.7095990279465371,0.6407021393307734,761,239,416,584,0.416,0.4115
plain,plain ERM (4A/5A),ood_val,0.29,0.6715,0.6715,0.576,0.767,0.7119901112484549,0.6368159203980099,767,233,424,576,0.424,0.4045
plain,plain ERM (4A/5A),ood_val,0.3,0.6695,0.6695,0.569,0.77,0.7121401752190237,0.6325736520289049,770,230,431,569,0.431,0.3995
plain,plain ERM (4A/5A),ood_val,0.31,0.6685,0.6685,0.563,0.774,0.7135614702154626,0.6294019005030742,774,226,437,563,0.437,0.3945
plain,plain ERM (4A/5A),ood_val,0.32,0.66,0.66,0.544,0.776,0.7083333333333334,0.6153846153846153,776,224,456,544,0.456,0.384
plain,plain ERM (4A/5A),ood_val,0.33,0.6545,0.6545000000000001,0.532,0.777,0.704635761589404,0.6062678062678063,777,223,468,532,0.468,0.3775
plain,plain ERM (4A/5A),ood_val,0.34,0.6535,0.6535,0.526,0.781,0.7060402684563758,0.602865329512894,781,219,474,526,0.474,0.3725
plain,plain ERM (4A/5A),ood_val,0.35,0.652,0.652,0.519,0.785,0.7070844686648501,0.5986159169550173,785,215,481,519,0.481,0.367
plain,plain ERM (4A/5A),ood_val,0.36,0.6495,0.6495,0.512,0.787,0.7062068965517241,0.5936231884057971,787,213,488,512,0.488,0.3625
plain,plain ERM (4A/5A),ood_val,0.37,0.646,0.646,0.499,0.793,0.7067988668555241,0.5849941383352872,793,207,501,499,0.501,0.353
plain,plain ERM (4A/5A),ood_val,0.38,0.646,0.646,0.495,0.797,0.7091690544412608,0.5830388692579506,797,203,505,495,0.505,0.349
plain,plain ERM (4A/5A),ood_val,0.39,0.6455,0.6455,0.487,0.804,0.7130307467057101,0.5787284610814023,804,196,513,487,0.513,0.3415
plain,plain ERM (4A/5A),ood_val,0.4,0.642,0.642,0.476,0.808,0.7125748502994012,0.5707434052757794,808,192,524,476,0.524,0.334
plain,plain ERM (4A/5A),ood_val,0.41,0.639,0.639,0.466,0.812,0.7125382262996942,0.5634824667472793,812,188,534,466,0.534,0.327
plain,plain ERM (4A/5A),ood_val,0.42,0.635,0.635,0.454,0.816,0.7115987460815048,0.5543345543345544,816,184,546,454,0.546,0.319
plain,plain ERM (4A/5A),ood_val,0.43,0.6325,0.6325,0.448,0.817,0.7099841521394612,0.5493562231759657,817,183,552,448,0.552,0.3155
plain,plain ERM (4A/5A),ood_val,0.44,0.63,0.63,0.442,0.818,0.7083333333333334,0.5443349753694582,818,182,558,442,0.558,0.312
plain,plain ERM (4A/5A),ood_val,0.45,0.627,0.627,0.431,0.823,0.7088815789473685,0.5360696517412936,823,177,569,431,0.569,0.304
plain,plain ERM (4A/5A),ood_val,0.46,0.6265,0.6265,0.427,0.826,0.7104825291181365,0.533416614615865,826,174,573,427,0.573,0.3005
plain,plain ERM (4A/5A),ood_val,0.47,0.625,0.625,0.423,0.827,0.709731543624161,0.5300751879699248,827,173,577,423,0.577,0.298
plain,plain ERM (4A/5A),ood_val,0.48,0.6245,0.6244999999999999,0.42,0.829,0.7106598984771574,0.5279698302954117,829,171,580,420,0.58,0.2955
plain,plain ERM (4A/5A),ood_val,0.49,0.622,0.622,0.413,0.831,0.7096219931271478,0.5221238938053098,831,169,587,413,0.587,0.291
plain,plain ERM (4A/5A),ood_val,0.5,0.6195,0.6194999999999999,0.405,0.834,0.7092819614711033,0.5155951623169956,834,166,595,405,0.595,0.2855
plain,plain ERM (4A/5A),ood_val,0.51,0.6165,0.6165,0.397,0.836,0.7076648841354723,0.5086483023702754,836,164,603,397,0.603,0.2805
plain,plain ERM (4A/5A),ood_val,0.52,0.6145,0.6145,0.39,0.839,0.7078039927404719,0.5029013539651838,839,161,610,390,0.61,0.2755
plain,plain ERM (4A/5A),ood_val,0.53,0.6145,0.6145,0.388,0.841,0.7093235831809872,0.5016160310277957,841,159,612,388,0.612,0.2735
plain,plain ERM (4A/5A),ood_val,0.54,0.612,0.612,0.38,0.844,0.7089552238805971,0.4947916666666667,844,156,620,380,0.62,0.268
plain,plain ERM (4A/5A),ood_val,0.55,0.61,0.61,0.374,0.846,0.7083333333333334,0.48952879581151837,846,154,626,374,0.626,0.264
plain,plain ERM (4A/5A),ood_val,0.56,0.6075,0.6074999999999999,0.366,0.849,0.7079303675048356,0.48253131179960446,849,151,634,366,0.634,0.2585
plain,plain ERM (4A/5A),ood_val,0.57,0.606,0.606,0.36,0.852,0.7086614173228346,0.47745358090185674,852,148,640,360,0.64,0.254
plain,plain ERM (4A/5A),ood_val,0.58,0.6035,0.6034999999999999,0.349,0.858,0.7107942973523421,0.46814218645204564,858,142,651,349,0.651,0.2455
plain,plain ERM (4A/5A),ood_val,0.59,0.603,0.603,0.345,0.861,0.7128099173553719,0.46495956873315364,861,139,655,345,0.655,0.242
plain,plain ERM (4A/5A),ood_val,0.6,0.601,0.601,0.339,0.863,0.7121848739495799,0.45934959349593496,863,137,661,339,0.661,0.238
plain,plain ERM (4A/5A),ood_val,0.61,0.5995,0.5995,0.335,0.864,0.7112526539278131,0.4554724677090415,864,136,665,335,0.665,0.2355
plain,plain ERM (4A/5A),ood_val,0.62,0.5985,0.5985,0.328,0.869,0.7145969498910676,0.44962302947224125,869,131,672,328,0.672,0.2295
plain,plain ERM (4A/5A),ood_val,0.63,0.598,0.598,0.323,0.873,0.7177777777777777,0.44551724137931037,873,127,677,323,0.677,0.225
plain,plain ERM (4A/5A),ood_val,0.64,0.596,0.596,0.317,0.875,0.7171945701357466,0.43966712898751736,875,125,683,317,0.683,0.221
plain,plain ERM (4A/5A),ood_val,0.65,0.593,0.593,0.309,0.877,0.7152777777777778,0.4315642458100558,877,123,691,309,0.691,0.216
plain,plain ERM (4A/5A),ood_val,0.66,0.5915,0.5915,0.303,0.88,0.7163120567375887,0.42586085734364026,880,120,697,303,0.697,0.2115
plain,plain ERM (4A/5A),ood_val,0.67,0.5895,0.5895,0.299,0.88,0.7136038186157518,0.4214235377026075,880,120,701,299,0.701,0.2095
plain,plain ERM (4A/5A),ood_val,0.68,0.5865,0.5865,0.29,0.883,0.7125307125307125,0.4122245913290689,883,117,710,290,0.71,0.2035
plain,plain ERM (4A/5A),ood_val,0.69,0.585,0.585,0.284,0.886,0.7135678391959799,0.4062947067238912,886,114,716,284,0.716,0.199
plain,plain ERM (4A/5A),ood_val,0.7,0.5785,0.5785,0.271,0.886,0.7038961038961039,0.3913357400722022,886,114,729,271,0.729,0.1925
plain,plain ERM (4A/5A),ood_val,0.71,0.5755,0.5755,0.263,0.888,0.7013333333333334,0.3825454545454546,888,112,737,263,0.737,0.1875
plain,plain ERM (4A/5A),ood_val,0.72,0.5705,0.5705,0.251,0.89,0.6952908587257618,0.36884643644379134,890,110,749,251,0.749,0.1805
plain,plain ERM (4A/5A),ood_val,0.73,0.566,0.5660000000000001,0.242,0.89,0.6875,0.35798816568047337,890,110,758,242,0.758,0.176
plain,plain ERM (4A/5A),ood_val,0.74,0.5655,0.5655,0.235,0.896,0.6932153392330384,0.351008215085885,896,104,765,235,0.765,0.1695
plain,plain ERM (4A/5A),ood_val,0.75,0.5635,0.5635,0.229,0.898,0.6918429003021148,0.34410217881292265,898,102,771,229,0.771,0.1655
plain,plain ERM (4A/5A),ood_val,0.76,0.558,0.558,0.217,0.899,0.6823899371069182,0.32928679817905915,899,101,783,217,0.783,0.159
plain,plain ERM (4A/5A),ood_val,0.77,0.5565,0.5565,0.211,0.902,0.6828478964401294,0.3223834988540871,902,98,789,211,0.789,0.1545
plain,plain ERM (4A/5A),ood_val,0.78,0.5545,0.5545,0.205,0.904,0.6810631229235881,0.3151421983089931,904,96,795,205,0.795,0.1505
plain,plain ERM (4A/5A),ood_val,0.79,0.554,0.554,0.201,0.907,0.6836734693877551,0.31066460587326117,907,93,799,201,0.799,0.147
plain,plain ERM (4A/5A),ood_val,0.8,0.5515,0.5515,0.192,0.911,0.6832740213523132,0.29976580796252933,911,89,808,192,0.808,0.1405
plain,plain ERM (4A/5A),ood_val,0.81,0.549,0.549,0.185,0.913,0.6801470588235294,0.2908805031446541,913,87,815,185,0.815,0.136
plain,plain ERM (4A/5A),ood_val,0.82,0.547,0.547,0.178,0.916,0.6793893129770993,0.2820919175911252,916,84,822,178,0.822,0.131
plain,plain ERM (4A/5A),ood_val,0.83,0.5455,0.5455,0.171,0.92,0.6812749003984063,0.2733812949640288,920,80,829,171,0.829,0.1255
plain,plain ERM (4A/5A),ood_val,0.84,0.546,0.546,0.167,0.925,0.6900826446280992,0.26892109500805156,925,75,833,167,0.833,0.121
plain,plain ERM (4A/5A),ood_val,0.85,0.545,0.545,0.163,0.927,0.690677966101695,0.26375404530744334,927,73,837,163,0.837,0.118
plain,plain ERM (4A/5A),ood_val,0.86,0.541,0.541,0.152,0.93,0.6846846846846847,0.24877250409165302,930,70,848,152,0.848,0.111
plain,plain ERM (4A/5A),ood_val,0.87,0.5375,0.5375,0.143,0.932,0.6777251184834123,0.23616845582163498,932,68,857,143,0.857,0.1055
plain,plain ERM (4A/5A),ood_val,0.88,0.536,0.536,0.135,0.937,0.6818181818181818,0.2253756260434057,937,63,865,135,0.865,0.099
plain,plain ERM (4A/5A),ood_val,0.89,0.5325,0.5325,0.126,0.939,0.6737967914438503,0.21229991575400167,939,61,874,126,0.874,0.0935
plain,plain ERM (4A/5A),ood_val,0.9,0.532,0.532,0.12,0.944,0.6818181818181818,0.2040816326530612,944,56,880,120,0.88,0.088
plain,plain ERM (4A/5A),ood_val,0.91,0.5295,0.5295,0.112,0.947,0.6787878787878788,0.19227467811158797,947,53,888,112,0.888,0.0825
plain,plain ERM (4A/5A),ood_val,0.92,0.5255,0.5255,0.1,0.951,0.6711409395973155,0.17406440382941687,951,49,900,100,0.9,0.0745
plain,plain ERM (4A/5A),ood_val,0.93,0.521,0.521,0.086,0.956,0.6615384615384615,0.15221238938053097,956,44,914,86,0.914,0.065
plain,plain ERM (4A/5A),ood_val,0.94,0.5165,0.5165,0.071,0.962,0.6513761467889908,0.12804328223624886,962,38,929,71,0.929,0.0545
plain,plain ERM (4A/5A),ood_val,0.95,0.51,0.51,0.056,0.964,0.6086956521739131,0.10256410256410256,964,36,944,56,0.944,0.046
plain,plain ERM (4A/5A),ood_val,0.96,0.507,0.507,0.046,0.968,0.5897435897435898,0.08534322820037106,968,32,954,46,0.954,0.039
plain,plain ERM (4A/5A),ood_val,0.97,0.503,0.503,0.034,0.972,0.5483870967741935,0.064030131826742,972,28,966,34,0.966,0.031
plain,plain ERM (4A/5A),ood_val,0.98,0.4965,0.4965,0.015,0.978,0.40540540540540543,0.02892960462873674,978,22,985,15,0.985,0.0185
plain,plain ERM (4A/5A),ood_val,0.99,0.496,0.496,0.006,0.986,0.3,0.011764705882352941,986,14,994,6,0.994,0.01
plain,plain ERM (4A/5A),ood_val,1.0,0.5,0.5,0.0,1.0,,,1000,0,1000,0,1.0,0.0
stain,stain-aug (7A),id_val,0.0,0.5,0.5,1.0,0.0,0.5,0.6666666666666666,0,250,0,250,0.0,1.0
stain,stain-aug (7A),id_val,0.01,0.658,0.658,1.0,0.316,0.5938242280285035,0.7451564828614009,79,171,0,250,0.0,0.842
stain,stain-aug (7A),id_val,0.02,0.72,0.72,1.0,0.44,0.6410256410256411,0.7812500000000001,110,140,0,250,0.0,0.78
stain,stain-aug (7A),id_val,0.03,0.756,0.756,1.0,0.512,0.6720430107526881,0.8038585209003216,128,122,0,250,0.0,0.744
stain,stain-aug (7A),id_val,0.04,0.782,0.782,1.0,0.564,0.6963788300835655,0.8210180623973727,141,109,0,250,0.0,0.718
stain,stain-aug (7A),id_val,0.05,0.834,0.8340000000000001,1.0,0.668,0.7507507507507507,0.8576329331046312,167,83,0,250,0.0,0.666
stain,stain-aug (7A),id_val,0.06,0.858,0.858,1.0,0.716,0.778816199376947,0.8756567425569177,179,71,0,250,0.0,0.642
stain,stain-aug (7A),id_val,0.07,0.882,0.882,0.996,0.768,0.8110749185667753,0.8940754039497307,192,58,1,249,0.004,0.614
stain,stain-aug (7A),id_val,0.08,0.896,0.896,0.996,0.796,0.83,0.9054545454545454,199,51,1,249,0.004,0.6
stain,stain-aug (7A),id_val,0.09,0.914,0.9139999999999999,0.996,0.832,0.8556701030927835,0.920517560073937,208,42,1,249,0.004,0.582
stain,stain-aug (7A),id_val,0.1,0.92,0.9199999999999999,0.996,0.844,0.8645833333333334,0.9256505576208178,211,39,1,249,0.004,0.576
stain,stain-aug (7A),id_val,0.11,0.928,0.9279999999999999,0.996,0.86,0.8767605633802817,0.9325842696629213,215,35,1,249,0.004,0.568
stain,stain-aug (7A),id_val,0.12,0.938,0.938,0.988,0.888,0.8981818181818182,0.940952380952381,222,28,3,247,0.012,0.55
stain,stain-aug (7A),id_val,0.13,0.938,0.938,0.988,0.888,0.8981818181818182,0.940952380952381,222,28,3,247,0.012,0.55
stain,stain-aug (7A),id_val,0.14,0.942,0.942,0.984,0.9,0.9077490774907749,0.9443378119001918,225,25,4,246,0.016,0.542
stain,stain-aug (7A),id_val,0.15,0.942,0.942,0.984,0.9,0.9077490774907749,0.9443378119001918,225,25,4,246,0.016,0.542
stain,stain-aug (7A),id_val,0.16,0.944,0.944,0.98,0.908,0.914179104477612,0.9459459459459459,227,23,5,245,0.02,0.536
stain,stain-aug (7A),id_val,0.17,0.948,0.948,0.98,0.916,0.9210526315789473,0.9496124031007751,229,21,5,245,0.02,0.532
stain,stain-aug (7A),id_val,0.18,0.948,0.948,0.976,0.92,0.9242424242424242,0.9494163424124513,230,20,6,244,0.024,0.528
stain,stain-aug (7A),id_val,0.19,0.95,0.95,0.976,0.924,0.9277566539923955,0.9512670565302146,231,19,6,244,0.024,0.526
stain,stain-aug (7A),id_val,0.2,0.956,0.956,0.972,0.94,0.9418604651162791,0.9566929133858268,235,15,7,243,0.028,0.516
stain,stain-aug (7A),id_val,0.21,0.95,0.95,0.96,0.94,0.9411764705882353,0.9504950495049505,235,15,10,240,0.04,0.51
stain,stain-aug (7A),id_val,0.22,0.954,0.954,0.96,0.948,0.9486166007905138,0.9542743538767396,237,13,10,240,0.04,0.506
stain,stain-aug (7A),id_val,0.23,0.952,0.952,0.956,0.948,0.9484126984126984,0.952191235059761,237,13,11,239,0.044,0.504
stain,stain-aug (7A),id_val,0.24,0.956,0.956,0.956,0.956,0.956,0.956,239,11,11,239,0.044,0.5
stain,stain-aug (7A),id_val,0.25,0.958,0.958,0.956,0.96,0.9598393574297188,0.9579158316633266,240,10,11,239,0.044,0.498
stain,stain-aug (7A),id_val,0.26,0.958,0.958,0.956,0.96,0.9598393574297188,0.9579158316633266,240,10,11,239,0.044,0.498
stain,stain-aug (7A),id_val,0.27,0.958,0.958,0.952,0.964,0.9635627530364372,0.9577464788732394,241,9,12,238,0.048,0.494
stain,stain-aug (7A),id_val,0.28,0.954,0.954,0.944,0.964,0.963265306122449,0.9535353535353536,241,9,14,236,0.056,0.49
stain,stain-aug (7A),id_val,0.29,0.956,0.956,0.944,0.968,0.9672131147540983,0.9554655870445343,242,8,14,236,0.056,0.488
stain,stain-aug (7A),id_val,0.3,0.956,0.956,0.944,0.968,0.9672131147540983,0.9554655870445343,242,8,14,236,0.056,0.488
stain,stain-aug (7A),id_val,0.31,0.954,0.954,0.94,0.968,0.9670781893004116,0.9533468559837727,242,8,15,235,0.06,0.486
stain,stain-aug (7A),id_val,0.32,0.956,0.956,0.936,0.976,0.975,0.9551020408163265,244,6,16,234,0.064,0.48
stain,stain-aug (7A),id_val,0.33,0.956,0.956,0.936,0.976,0.975,0.9551020408163265,244,6,16,234,0.064,0.48
stain,stain-aug (7A),id_val,0.34,0.958,0.958,0.936,0.98,0.9790794979079498,0.9570552147239264,245,5,16,234,0.064,0.478
stain,stain-aug (7A),id_val,0.35,0.958,0.958,0.936,0.98,0.9790794979079498,0.9570552147239264,245,5,16,234,0.064,0.478
stain,stain-aug (7A),id_val,0.36,0.958,0.958,0.936,0.98,0.9790794979079498,0.9570552147239264,245,5,16,234,0.064,0.478
stain,stain-aug (7A),id_val,0.37,0.96,0.96,0.936,0.984,0.9831932773109243,0.959016393442623,246,4,16,234,0.064,0.476
stain,stain-aug (7A),id_val,0.38,0.96,0.96,0.936,0.984,0.9831932773109243,0.959016393442623,246,4,16,234,0.064,0.476
stain,stain-aug (7A),id_val,0.39,0.96,0.96,0.936,0.984,0.9831932773109243,0.959016393442623,246,4,16,234,0.064,0.476
stain,stain-aug (7A),id_val,0.4,0.96,0.96,0.936,0.984,0.9831932773109243,0.959016393442623,246,4,16,234,0.064,0.476
stain,stain-aug (7A),id_val,0.41,0.958,0.958,0.932,0.984,0.9831223628691983,0.9568788501026694,246,4,17,233,0.068,0.474
stain,stain-aug (7A),id_val,0.42,0.958,0.958,0.932,0.984,0.9831223628691983,0.9568788501026694,246,4,17,233,0.068,0.474
stain,stain-aug (7A),id_val,0.43,0.958,0.958,0.932,0.984,0.9831223628691983,0.9568788501026694,246,4,17,233,0.068,0.474
stain,stain-aug (7A),id_val,0.44,0.954,0.954,0.924,0.984,0.9829787234042553,0.9525773195876289,246,4,19,231,0.076,0.47
stain,stain-aug (7A),id_val,0.45,0.954,0.954,0.924,0.984,0.9829787234042553,0.9525773195876289,246,4,19,231,0.076,0.47
stain,stain-aug (7A),id_val,0.46,0.952,0.952,0.92,0.984,0.9829059829059829,0.9504132231404959,246,4,20,230,0.08,0.468
stain,stain-aug (7A),id_val,0.47,0.95,0.95,0.916,0.984,0.9828326180257511,0.94824016563147,246,4,21,229,0.084,0.466
stain,stain-aug (7A),id_val,0.48,0.952,0.952,0.916,0.988,0.9870689655172413,0.950207468879668,247,3,21,229,0.084,0.464
stain,stain-aug (7A),id_val,0.49,0.952,0.952,0.916,0.988,0.9870689655172413,0.950207468879668,247,3,21,229,0.084,0.464
stain,stain-aug (7A),id_val,0.5,0.948,0.948,0.908,0.988,0.9869565217391304,0.9458333333333333,247,3,23,227,0.092,0.46
stain,stain-aug (7A),id_val,0.51,0.946,0.946,0.904,0.988,0.9868995633187773,0.9436325678496869,247,3,24,226,0.096,0.458
stain,stain-aug (7A),id_val,0.52,0.944,0.944,0.9,0.988,0.9868421052631579,0.9414225941422594,247,3,25,225,0.1,0.456
stain,stain-aug (7A),id_val,0.53,0.942,0.942,0.896,0.988,0.986784140969163,0.939203354297694,247,3,26,224,0.104,0.454
stain,stain-aug (7A),id_val,0.54,0.942,0.942,0.896,0.988,0.986784140969163,0.939203354297694,247,3,26,224,0.104,0.454
stain,stain-aug (7A),id_val,0.55,0.94,0.94,0.892,0.988,0.9867256637168141,0.9369747899159664,247,3,27,223,0.108,0.452
stain,stain-aug (7A),id_val,0.56,0.938,0.938,0.888,0.988,0.9866666666666667,0.9347368421052632,247,3,28,222,0.112,0.45
stain,stain-aug (7A),id_val,0.57,0.934,0.9339999999999999,0.88,0.988,0.9865470852017937,0.9302325581395349,247,3,30,220,0.12,0.446
stain,stain-aug (7A),id_val,0.58,0.934,0.9339999999999999,0.88,0.988,0.9865470852017937,0.9302325581395349,247,3,30,220,0.12,0.446
stain,stain-aug (7A),id_val,0.59,0.932,0.9319999999999999,0.876,0.988,0.9864864864864865,0.9279661016949153,247,3,31,219,0.124,0.444
stain,stain-aug (7A),id_val,0.6,0.93,0.9299999999999999,0.872,0.988,0.9864253393665159,0.9256900212314226,247,3,32,218,0.128,0.442
stain,stain-aug (7A),id_val,0.61,0.926,0.9259999999999999,0.864,0.988,0.9863013698630136,0.9211087420042644,247,3,34,216,0.136,0.438
stain,stain-aug (7A),id_val,0.62,0.922,0.9219999999999999,0.856,0.988,0.9861751152073732,0.9164882226980728,247,3,36,214,0.144,0.434
stain,stain-aug (7A),id_val,0.63,0.92,0.9199999999999999,0.852,0.988,0.9861111111111112,0.9141630901287555,247,3,37,213,0.148,0.432
stain,stain-aug (7A),id_val,0.64,0.92,0.9199999999999999,0.852,0.988,0.9861111111111112,0.9141630901287555,247,3,37,213,0.148,0.432
stain,stain-aug (7A),id_val,0.65,0.92,0.9199999999999999,0.852,0.988,0.9861111111111112,0.9141630901287555,247,3,37,213,0.148,0.432
stain,stain-aug (7A),id_val,0.66,0.92,0.9199999999999999,0.852,0.988,0.9861111111111112,0.9141630901287555,247,3,37,213,0.148,0.432
stain,stain-aug (7A),id_val,0.67,0.92,0.9199999999999999,0.852,0.988,0.9861111111111112,0.9141630901287555,247,3,37,213,0.148,0.432
stain,stain-aug (7A),id_val,0.68,0.918,0.9179999999999999,0.848,0.988,0.986046511627907,0.9118279569892472,247,3,38,212,0.152,0.43
stain,stain-aug (7A),id_val,0.69,0.918,0.9179999999999999,0.848,0.988,0.986046511627907,0.9118279569892472,247,3,38,212,0.152,0.43
stain,stain-aug (7A),id_val,0.7,0.918,0.9179999999999999,0.848,0.988,0.986046511627907,0.9118279569892472,247,3,38,212,0.152,0.43
stain,stain-aug (7A),id_val,0.71,0.916,0.9159999999999999,0.844,0.988,0.985981308411215,0.9094827586206897,247,3,39,211,0.156,0.428
stain,stain-aug (7A),id_val,0.72,0.916,0.9159999999999999,0.844,0.988,0.985981308411215,0.9094827586206897,247,3,39,211,0.156,0.428
stain,stain-aug (7A),id_val,0.73,0.916,0.9159999999999999,0.844,0.988,0.985981308411215,0.9094827586206897,247,3,39,211,0.156,0.428
stain,stain-aug (7A),id_val,0.74,0.92,0.9199999999999999,0.844,0.996,0.9952830188679245,0.9134199134199132,249,1,39,211,0.156,0.424
stain,stain-aug (7A),id_val,0.75,0.918,0.9179999999999999,0.84,0.996,0.995260663507109,0.911062906724512,249,1,40,210,0.16,0.422
stain,stain-aug (7A),id_val,0.76,0.918,0.9179999999999999,0.84,0.996,0.995260663507109,0.911062906724512,249,1,40,210,0.16,0.422
stain,stain-aug (7A),id_val,0.77,0.918,0.9179999999999999,0.84,0.996,0.995260663507109,0.911062906724512,249,1,40,210,0.16,0.422
stain,stain-aug (7A),id_val,0.78,0.916,0.9159999999999999,0.836,0.996,0.9952380952380953,0.908695652173913,249,1,41,209,0.164,0.42
stain,stain-aug (7A),id_val,0.79,0.916,0.9159999999999999,0.832,1.0,1.0,0.9082969432314411,250,0,42,208,0.168,0.416
stain,stain-aug (7A),id_val,0.8,0.916,0.9159999999999999,0.832,1.0,1.0,0.9082969432314411,250,0,42,208,0.168,0.416
stain,stain-aug (7A),id_val,0.81,0.916,0.9159999999999999,0.832,1.0,1.0,0.9082969432314411,250,0,42,208,0.168,0.416
stain,stain-aug (7A),id_val,0.82,0.916,0.9159999999999999,0.832,1.0,1.0,0.9082969432314411,250,0,42,208,0.168,0.416
stain,stain-aug (7A),id_val,0.83,0.916,0.9159999999999999,0.832,1.0,1.0,0.9082969432314411,250,0,42,208,0.168,0.416
stain,stain-aug (7A),id_val,0.84,0.914,0.9139999999999999,0.828,1.0,1.0,0.9059080962800875,250,0,43,207,0.172,0.414
stain,stain-aug (7A),id_val,0.85,0.914,0.9139999999999999,0.828,1.0,1.0,0.9059080962800875,250,0,43,207,0.172,0.414
stain,stain-aug (7A),id_val,0.86,0.914,0.9139999999999999,0.828,1.0,1.0,0.9059080962800875,250,0,43,207,0.172,0.414
stain,stain-aug (7A),id_val,0.87,0.912,0.9119999999999999,0.824,1.0,1.0,0.9035087719298246,250,0,44,206,0.176,0.412
stain,stain-aug (7A),id_val,0.88,0.912,0.9119999999999999,0.824,1.0,1.0,0.9035087719298246,250,0,44,206,0.176,0.412
stain,stain-aug (7A),id_val,0.89,0.912,0.9119999999999999,0.824,1.0,1.0,0.9035087719298246,250,0,44,206,0.176,0.412
stain,stain-aug (7A),id_val,0.9,0.908,0.9079999999999999,0.816,1.0,1.0,0.8986784140969163,250,0,46,204,0.184,0.408
stain,stain-aug (7A),id_val,0.91,0.906,0.906,0.812,1.0,1.0,0.8962472406181016,250,0,47,203,0.188,0.406
stain,stain-aug (7A),id_val,0.92,0.906,0.906,0.812,1.0,1.0,0.8962472406181016,250,0,47,203,0.188,0.406
stain,stain-aug (7A),id_val,0.93,0.904,0.904,0.808,1.0,1.0,0.8938053097345133,250,0,48,202,0.192,0.404
stain,stain-aug (7A),id_val,0.94,0.9,0.9,0.8,1.0,1.0,0.888888888888889,250,0,50,200,0.2,0.4
stain,stain-aug (7A),id_val,0.95,0.892,0.892,0.784,1.0,1.0,0.8789237668161435,250,0,54,196,0.216,0.392
stain,stain-aug (7A),id_val,0.96,0.892,0.892,0.784,1.0,1.0,0.8789237668161435,250,0,54,196,0.216,0.392
stain,stain-aug (7A),id_val,0.97,0.878,0.878,0.756,1.0,1.0,0.8610478359908884,250,0,61,189,0.244,0.378
stain,stain-aug (7A),id_val,0.98,0.874,0.874,0.748,1.0,1.0,0.8558352402745996,250,0,63,187,0.252,0.374
stain,stain-aug (7A),id_val,0.99,0.84,0.8400000000000001,0.68,1.0,1.0,0.8095238095238095,250,0,80,170,0.32,0.34
stain,stain-aug (7A),id_val,1.0,0.5,0.5,0.0,1.0,,,250,0,250,0,1.0,0.0
stain,stain-aug (7A),ood_val,0.0,0.5,0.5,1.0,0.0,0.5,0.6666666666666666,0,1000,0,1000,0.0,1.0
stain,stain-aug (7A),ood_val,0.01,0.6255,0.6255,0.996,0.255,0.5720850086157381,0.726742064939803,255,745,4,996,0.004,0.8705
stain,stain-aug (7A),ood_val,0.02,0.667,0.667,0.966,0.368,0.60450563204005,0.74364896073903,368,632,34,966,0.034,0.799
stain,stain-aug (7A),ood_val,0.03,0.687,0.687,0.917,0.457,0.6280821917808219,0.7455284552845529,457,543,83,917,0.083,0.73
stain,stain-aug (7A),ood_val,0.04,0.6875,0.6875,0.863,0.512,0.6387860843819393,0.7341556784347086,512,488,137,863,0.137,0.6755
stain,stain-aug (7A),ood_val,0.05,0.69,0.69,0.819,0.561,0.651033386327504,0.7254207263064658,561,439,181,819,0.181,0.629
stain,stain-aug (7A),ood_val,0.06,0.69,0.69,0.782,0.598,0.660472972972973,0.7161172161172161,598,402,218,782,0.218,0.592
stain,stain-aug (7A),ood_val,0.07,0.6855,0.6855,0.732,0.639,0.6697163769441903,0.6994744386048733,639,361,268,732,0.268,0.5465
stain,stain-aug (7A),ood_val,0.08,0.6765,0.6765000000000001,0.684,0.669,0.6738916256157635,0.678908188585608,669,331,316,684,0.316,0.5075
stain,stain-aug (7A),ood_val,0.09,0.6665,0.6665,0.639,0.694,0.6761904761904762,0.6570694087403599,694,306,361,639,0.361,0.4725
stain,stain-aug (7A),ood_val,0.1,0.6575,0.6575,0.601,0.714,0.677564825253664,0.6369899311075782,714,286,399,601,0.399,0.4435
stain,stain-aug (7A),ood_val,0.11,0.649,0.649,0.566,0.732,0.6786570743405276,0.6172300981461286,732,268,434,566,0.434,0.417
stain,stain-aug (7A),ood_val,0.12,0.6445,0.6445000000000001,0.531,0.758,0.6869340232858991,0.5989847715736041,758,242,469,531,0.469,0.3865
stain,stain-aug (7A),ood_val,0.13,0.636,0.636,0.492,0.78,0.6910112359550562,0.5747663551401869,780,220,508,492,0.508,0.356
stain,stain-aug (7A),ood_val,0.14,0.628,0.628,0.455,0.801,0.6957186544342507,0.5501813784764208,801,199,545,455,0.545,0.327
stain,stain-aug (7A),ood_val,0.15,0.625,0.625,0.432,0.818,0.7035830618892508,0.5353159851301115,818,182,568,432,0.568,0.307
stain,stain-aug (7A),ood_val,0.16,0.617,0.617,0.403,0.831,0.7045454545454546,0.5127226463104326,831,169,597,403,0.597,0.286
stain,stain-aug (7A),ood_val,0.17,0.6115,0.6114999999999999,0.379,0.844,0.708411214953271,0.4938110749185667,844,156,621,379,0.621,0.2675
stain,stain-aug (7A),ood_val,0.18,0.6075,0.6074999999999999,0.357,0.858,0.7154308617234469,0.47631754503002,858,142,643,357,0.643,0.2495
stain,stain-aug (7A),ood_val,0.19,0.6025,0.6025,0.337,0.868,0.7185501066098081,0.45881552076242343,868,132,663,337,0.663,0.2345
stain,stain-aug (7A),ood_val,0.2,0.6005,0.6005,0.322,0.879,0.7268623024830699,0.4462924462924463,879,121,678,322,0.678,0.2215
stain,stain-aug (7A),ood_val,0.21,0.597,0.597,0.303,0.891,0.7354368932038835,0.4291784702549575,891,109,697,303,0.697,0.206
stain,stain-aug (7A),ood_val,0.22,0.5965,0.5965,0.294,0.899,0.7443037974683544,0.421505376344086,899,101,706,294,0.706,0.1975
stain,stain-aug (7A),ood_val,0.23,0.591,0.591,0.277,0.905,0.7446236559139785,0.4037900874635568,905,95,723,277,0.723,0.186
stain,stain-aug (7A),ood_val,0.24,0.587,0.587,0.262,0.912,0.7485714285714286,0.38814814814814813,912,88,738,262,0.738,0.175
stain,stain-aug (7A),ood_val,0.25,0.5815,0.5815,0.247,0.916,0.7462235649546828,0.3711495116453794,916,84,753,247,0.753,0.1655
stain,stain-aug (7A),ood_val,0.26,0.5795,0.5795,0.24,0.919,0.7476635514018691,0.3633610900832702,919,81,760,240,0.76,0.1605
stain,stain-aug (7A),ood_val,0.27,0.579,0.5790000000000001,0.232,0.926,0.7581699346405228,0.3552833078101072,926,74,768,232,0.768,0.153
stain,stain-aug (7A),ood_val,0.28,0.575,0.5750000000000001,0.223,0.927,0.7533783783783784,0.34413580246913583,927,73,777,223,0.777,0.148
stain,stain-aug (7A),ood_val,0.29,0.5725,0.5725,0.215,0.93,0.7543859649122807,0.33463035019455256,930,70,785,215,0.785,0.1425
stain,stain-aug (7A),ood_val,0.3,0.5705,0.5705,0.209,0.932,0.7545126353790613,0.3273296789350039,932,68,791,209,0.791,0.1385
stain,stain-aug (7A),ood_val,0.31,0.565,0.5650000000000001,0.194,0.936,0.751937984496124,0.30842607313195547,936,64,806,194,0.806,0.129
stain,stain-aug (7A),ood_val,0.32,0.562,0.562,0.187,0.937,0.748,0.29919999999999997,937,63,813,187,0.813,0.125
stain,stain-aug (7A),ood_val,0.33,0.559,0.5589999999999999,0.18,0.938,0.743801652892562,0.2898550724637681,938,62,820,180,0.82,0.121
stain,stain-aug (7A),ood_val,0.34,0.558,0.5579999999999999,0.176,0.94,0.7457627118644068,0.284789644012945,940,60,824,176,0.824,0.118
stain,stain-aug (7A),ood_val,0.35,0.5575,0.5575,0.173,0.942,0.7489177489177489,0.28107229894394803,942,58,827,173,0.827,0.1155
stain,stain-aug (7A),ood_val,0.36,0.5515,0.5515,0.159,0.944,0.7395348837209302,0.2617283950617284,944,56,841,159,0.841,0.1075
stain,stain-aug (7A),ood_val,0.37,0.548,0.5479999999999999,0.151,0.945,0.7330097087378641,0.25041459369817576,945,55,849,151,0.849,0.103
stain,stain-aug (7A),ood_val,0.38,0.545,0.5449999999999999,0.143,0.947,0.7295918367346939,0.23913043478260868,947,53,857,143,0.857,0.098
stain,stain-aug (7A),ood_val,0.39,0.5455,0.5455,0.141,0.95,0.7382198952879581,0.23677581863979846,950,50,859,141,0.859,0.0955
stain,stain-aug (7A),ood_val,0.4,0.5435,0.5435,0.136,0.951,0.7351351351351352,0.22953586497890296,951,49,864,136,0.864,0.0925
stain,stain-aug (7A),ood_val,0.41,0.542,0.542,0.131,0.953,0.7359550561797753,0.22241086587436332,953,47,869,131,0.869,0.089
stain,stain-aug (7A),ood_val,0.42,0.542,0.542,0.129,0.955,0.7413793103448276,0.21976149914821125,955,45,871,129,0.871,0.087
stain,stain-aug (7A),ood_val,0.43,0.537,0.5369999999999999,0.119,0.955,0.725609756097561,0.20446735395189003,955,45,881,119,0.881,0.082
stain,stain-aug (7A),ood_val,0.44,0.535,0.535,0.114,0.956,0.7215189873417721,0.19689119170984457,956,44,886,114,0.886,0.079
stain,stain-aug (7A),ood_val,0.45,0.535,0.535,0.111,0.959,0.7302631578947368,0.19270833333333334,959,41,889,111,0.889,0.076
stain,stain-aug (7A),ood_val,0.46,0.532,0.532,0.105,0.959,0.7191780821917808,0.18324607329842932,959,41,895,105,0.895,0.073
stain,stain-aug (7A),ood_val,0.47,0.53,0.53,0.101,0.959,0.7112676056338029,0.17688266199649738,959,41,899,101,0.899,0.071
stain,stain-aug (7A),ood_val,0.48,0.5295,0.5295,0.1,0.959,0.7092198581560284,0.175284837861525,959,41,900,100,0.9,0.0705
stain,stain-aug (7A),ood_val,0.49,0.529,0.529,0.099,0.959,0.7071428571428572,0.1736842105263158,959,41,901,99,0.901,0.07
stain,stain-aug (7A),ood_val,0.5,0.529,0.529,0.096,0.962,0.7164179104477612,0.16931216931216933,962,38,904,96,0.904,0.067
stain,stain-aug (7A),ood_val,0.51,0.528,0.528,0.093,0.963,0.7153846153846154,0.1646017699115044,963,37,907,93,0.907,0.065
stain,stain-aug (7A),ood_val,0.52,0.527,0.527,0.09,0.964,0.7142857142857143,0.15985790408525755,964,36,910,90,0.91,0.063
stain,stain-aug (7A),ood_val,0.53,0.525,0.525,0.085,0.965,0.7083333333333334,0.1517857142857143,965,35,915,85,0.915,0.06
stain,stain-aug (7A),ood_val,0.54,0.524,0.524,0.083,0.965,0.7033898305084746,0.148479427549195,965,35,917,83,0.917,0.059
stain,stain-aug (7A),ood_val,0.55,0.5235,0.5235,0.081,0.966,0.7043478260869566,0.14529147982062782,966,34,919,81,0.919,0.0575
stain,stain-aug (7A),ood_val,0.56,0.5225,0.5225,0.078,0.967,0.7027027027027027,0.14041404140414043,967,33,922,78,0.922,0.0555
stain,stain-aug (7A),ood_val,0.57,0.522,0.522,0.076,0.968,0.7037037037037037,0.1371841155234657,968,32,924,76,0.924,0.054
stain,stain-aug (7A),ood_val,0.58,0.5225,0.5225,0.075,0.97,0.7142857142857143,0.13574660633484162,970,30,925,75,0.925,0.0525
stain,stain-aug (7A),ood_val,0.59,0.521,0.521,0.071,0.971,0.71,0.1290909090909091,971,29,929,71,0.929,0.05
stain,stain-aug (7A),ood_val,0.6,0.52,0.52,0.069,0.971,0.7040816326530612,0.12568306010928965,971,29,931,69,0.931,0.049
stain,stain-aug (7A),ood_val,0.61,0.5175,0.5175,0.064,0.971,0.6881720430107527,0.11710887465690759,971,29,936,64,0.936,0.0465
stain,stain-aug (7A),ood_val,0.62,0.5185,0.5185,0.063,0.974,0.7078651685393258,0.11570247933884298,974,26,937,63,0.937,0.0445
stain,stain-aug (7A),ood_val,0.63,0.517,0.517,0.059,0.975,0.7023809523809523,0.10885608856088562,975,25,941,59,0.941,0.042
stain,stain-aug (7A),ood_val,0.64,0.5175,0.5175,0.059,0.976,0.7108433734939759,0.10895660203139428,976,24,941,59,0.941,0.0415
stain,stain-aug (7A),ood_val,0.65,0.5175,0.5175,0.059,0.976,0.7108433734939759,0.10895660203139428,976,24,941,59,0.941,0.0415
stain,stain-aug (7A),ood_val,0.66,0.5165,0.5165,0.055,0.978,0.7142857142857143,0.10213556174558959,978,22,945,55,0.945,0.0385
stain,stain-aug (7A),ood_val,0.67,0.517,0.517,0.055,0.979,0.7236842105263158,0.10223048327137545,979,21,945,55,0.945,0.038
stain,stain-aug (7A),ood_val,0.68,0.5165,0.5165,0.054,0.979,0.72,0.10046511627906976,979,21,946,54,0.946,0.0375
stain,stain-aug (7A),ood_val,0.69,0.516,0.516,0.053,0.979,0.7162162162162162,0.09869646182495344,979,21,947,53,0.947,0.037
stain,stain-aug (7A),ood_val,0.7,0.515,0.515,0.051,0.979,0.7083333333333334,0.09514925373134327,979,21,949,51,0.949,0.036
stain,stain-aug (7A),ood_val,0.71,0.514,0.514,0.049,0.979,0.7,0.09158878504672896,979,21,951,49,0.951,0.035
stain,stain-aug (7A),ood_val,0.72,0.511,0.511,0.043,0.979,0.671875,0.08082706766917291,979,21,957,43,0.957,0.032
stain,stain-aug (7A),ood_val,0.73,0.5105,0.5105,0.042,0.979,0.6666666666666666,0.07902163687676388,979,21,958,42,0.958,0.0315
stain,stain-aug (7A),ood_val,0.74,0.51,0.51,0.04,0.98,0.6666666666666666,0.07547169811320754,980,20,960,40,0.96,0.03
stain,stain-aug (7A),ood_val,0.75,0.5085,0.5085,0.036,0.981,0.6545454545454545,0.06824644549763033,981,19,964,36,0.964,0.0275
stain,stain-aug (7A),ood_val,0.76,0.509,0.509,0.036,0.982,0.6666666666666666,0.06831119544592029,982,18,964,36,0.964,0.027
stain,stain-aug (7A),ood_val,0.77,0.509,0.509,0.035,0.983,0.6730769230769231,0.06653992395437262,983,17,965,35,0.965,0.026
stain,stain-aug (7A),ood_val,0.78,0.5095,0.5095,0.035,0.984,0.6862745098039216,0.06660323501427212,984,16,965,35,0.965,0.0255
stain,stain-aug (7A),ood_val,0.79,0.51,0.51,0.035,0.985,0.7,0.06666666666666667,985,15,965,35,0.965,0.025
stain,stain-aug (7A),ood_val,0.8,0.509,0.509,0.033,0.985,0.6875,0.06297709923664122,985,15,967,33,0.967,0.024
stain,stain-aug (7A),ood_val,0.81,0.509,0.509,0.032,0.986,0.6956521739130435,0.061185468451242835,986,14,968,32,0.968,0.023
stain,stain-aug (7A),ood_val,0.82,0.508,0.508,0.028,0.988,0.7,0.05384615384615385,988,12,972,28,0.972,0.02
stain,stain-aug (7A),ood_val,0.83,0.508,0.508,0.027,0.989,0.7105263157894737,0.05202312138728324,989,11,973,27,0.973,0.019
stain,stain-aug (7A),ood_val,0.84,0.508,0.508,0.026,0.99,0.7222222222222222,0.05019305019305018,990,10,974,26,0.974,0.018
stain,stain-aug (7A),ood_val,0.85,0.5075,0.5075,0.024,0.991,0.7272727272727273,0.046466602129719266,991,9,976,24,0.976,0.0165
stain,stain-aug (7A),ood_val,0.86,0.507,0.507,0.022,0.992,0.7333333333333333,0.04271844660194175,992,8,978,22,0.978,0.015
stain,stain-aug (7A),ood_val,0.87,0.5065,0.5065,0.021,0.992,0.7241379310344828,0.04081632653061225,992,8,979,21,0.979,0.0145
stain,stain-aug (7A),ood_val,0.88,0.5065,0.5065,0.021,0.992,0.7241379310344828,0.04081632653061225,992,8,979,21,0.979,0.0145
stain,stain-aug (7A),ood_val,0.89,0.5065,0.5065,0.021,0.992,0.7241379310344828,0.04081632653061225,992,8,979,21,0.979,0.0145
stain,stain-aug (7A),ood_val,0.9,0.5065,0.5065,0.021,0.992,0.7241379310344828,0.04081632653061225,992,8,979,21,0.979,0.0145
stain,stain-aug (7A),ood_val,0.91,0.507,0.507,0.02,0.994,0.7692307692307693,0.03898635477582846,994,6,980,20,0.98,0.013
stain,stain-aug (7A),ood_val,0.92,0.507,0.507,0.02,0.994,0.7692307692307693,0.03898635477582846,994,6,980,20,0.98,0.013
stain,stain-aug (7A),ood_val,0.93,0.505,0.505,0.016,0.994,0.7272727272727273,0.03131115459882583,994,6,984,16,0.984,0.011
stain,stain-aug (7A),ood_val,0.94,0.5045,0.5045,0.015,0.994,0.7142857142857143,0.029382957884427033,994,6,985,15,0.985,0.0105
stain,stain-aug (7A),ood_val,0.95,0.5045,0.5045,0.015,0.994,0.7142857142857143,0.029382957884427033,994,6,985,15,0.985,0.0105
stain,stain-aug (7A),ood_val,0.96,0.504,0.504,0.013,0.995,0.7222222222222222,0.02554027504911591,995,5,987,13,0.987,0.009
stain,stain-aug (7A),ood_val,0.97,0.503,0.503,0.011,0.995,0.6875,0.021653543307086614,995,5,989,11,0.989,0.008
stain,stain-aug (7A),ood_val,0.98,0.502,0.502,0.009,0.995,0.6428571428571429,0.017751479289940825,995,5,991,9,0.991,0.007
stain,stain-aug (7A),ood_val,0.99,0.4995,0.4995,0.003,0.996,0.42857142857142855,0.005958291956305859,996,4,997,3,0.997,0.0035
stain,stain-aug (7A),ood_val,1.0,0.5,0.5,0.0,1.0,,,1000,0,1000,0,1.0,0.0
